<?xml version="1.0" encoding="UTF-8"?>
<model xmlns="http://www.cellml.org/cellml/2.0#" 
	xmlns:cellml="http://www.cellml.org/cellml/2.0#" 
	xmlns:xlink="http://www.w3.org/1999/xlink" 
	name="complex_encapsulation_example" 
	id="complex_encpsulation_example_id">
  <component name="root"/>
  <component name="L1_c1"/>
  <component name="L1_c2"/>
  <component name="L1_c3"/>
  <component name="L1_L2_c1"/>
  <encapsulation>
    <component_ref component="root">
      <component_ref component="L1_c1">
        <component_ref component="L1_L2_c1"/>
      </component_ref>
      <component_ref component="L1_c2"/>
      <component_ref component="L1_c3"/>
    </component_ref>
  </encapsulation>
</model>
