<?xml version="1.0" encoding="UTF-8"?><model xmlns="http://www.cellml.org/cellml/2.0#" xmlns:cellml="http://www.cellml.org/cellml/2.0#" xmlns:xlink="http://www.w3.org/1999/xlink" name="sin" id="sin">
  

  <component name="sin" id="sin">
    <variable name="x" units="dimensionless" interface="public_and_private"/>
    <variable id="sin" units="dimensionless" name="sin" interface="public_and_private"/>
    <math xmlns="http://www.w3.org/1998/Math/MathML">
      <apply id="actual_sin"><eq/>
        <ci>sin</ci>
        <apply><sin/>
          <ci>x</ci>
        </apply>
      </apply>
    </math>
  </component>
  
</model>